row_id,deberta_prob
0,0.5456386
1,0.45224118
2,0.9525338
3,0.8720294
5,0.45244047
6,0.97747964
7,0.4357334
8,0.9772883
9,0.44444463
10,0.45213163
11,0.9409347
12,0.43981886
13,0.7319478
14,0.43394244
15,0.9591332
16,0.9774669
17,0.4316107
18,0.43088427
19,0.92343336
20,0.44435337
21,0.9642987
22,0.44514328
25,0.45874935
27,0.9821041
28,0.44151118
29,0.9718901
30,0.44249588
32,0.85751116
33,0.43861383
34,0.95576924
36,0.4566299
37,0.95918995
38,0.4344705
39,0.9657819
40,0.94381404
42,0.44240576
43,0.95166075
44,0.757555
45,0.97385776
47,0.96328217
49,0.98269975
50,0.45439565
51,0.9821212
52,0.9790238
53,0.45302948
54,0.9734517
55,0.98162043
56,0.43421432
57,0.9807421
58,0.9796538
60,0.4546111
62,0.44111001
64,0.44954678
65,0.9784348
66,0.43160412
67,0.9755703
68,0.4558974
69,0.9725867
70,0.45890197
71,0.9826345
72,0.44333842
73,0.97638047
74,0.45281217
76,0.6893666
77,0.92746073
78,0.44399688
79,0.975047
82,0.97832936
83,0.45552564
84,0.96413165
85,0.446998
86,0.82739615
87,0.97990227
89,0.9769121
90,0.47493622
91,0.9728775
92,0.44399562
93,0.9760645
94,0.455267
95,0.9502434
96,0.9651814
97,0.9837961
98,0.9730551
99,0.4442346
100,0.9786324
101,0.42916897
102,0.98276466
104,0.43874666
105,0.9818123
107,0.97365236
108,0.44466516
109,0.45138004
110,0.9773375
111,0.9797891
112,0.4436857
113,0.9833574
114,0.43514448
115,0.9419542
118,0.9812251
120,0.9647468
121,0.94441444
122,0.9838396
124,0.95052344
125,0.4881418
129,0.97981894
131,0.97466856
133,0.9816902
134,0.4365902
135,0.97974867
136,0.44452468
137,0.44820505
138,0.97781223
139,0.98096436
141,0.97356004
142,0.44897595
144,0.9618055
146,0.43234104
147,0.9777018
148,0.7206583
149,0.4326762
150,0.9753796
152,0.9790506
153,0.453095
154,0.9783117
155,0.45795715
156,0.9812076
158,0.9765062
160,0.44072884
161,0.49502993
162,0.9568696
163,0.9726136
165,0.4533753
166,0.443457
168,0.97875893
169,0.97920495
170,0.44634598
171,0.97693455
172,0.45307937
173,0.44363233
175,0.9818559
176,0.9830798
177,0.97684765
178,0.967884
179,0.9777394
180,0.97900575
181,0.45880657
182,0.97047687
183,0.43773693
184,0.43595383
185,0.44981807
186,0.44078994
187,0.948995
188,0.43359825
189,0.45052332
190,0.9841659
191,0.44626674
193,0.46775478
194,0.9826215
195,0.98192275
197,0.4689722
198,0.9735073
199,0.89148897
200,0.9839107
201,0.45213503
202,0.45703167
203,0.43304288
204,0.9819146
205,0.4711871
206,0.9781506
209,0.44679964
210,0.4643044
212,0.94107026
213,0.5437675
214,0.44009522
215,0.97803986
216,0.9790636
217,0.45649296
218,0.44336125
219,0.9800152
220,0.9789682
221,0.96430415
222,0.9213401
223,0.45697653
224,0.46448123
225,0.96458125
226,0.97321993
227,0.9824891
228,0.9755058
229,0.46762505
231,0.9813276
232,0.49655166
233,0.4572411
234,0.9833123
236,0.4499123
237,0.9786789
238,0.9420839
239,0.9699683
240,0.4549862
241,0.9812152
243,0.9810543
244,0.97669387
246,0.9834435
247,0.9762082
248,0.9340308
249,0.44323823
250,0.98249626
252,0.9759536
253,0.97570395
254,0.9809879
255,0.966072
256,0.98342264
257,0.9831822
260,0.9755452
261,0.43878073
262,0.9650118
263,0.98224616
264,0.44961816
265,0.98102576
266,0.98272055
267,0.9809224
268,0.44426903
269,0.9556819
270,0.4529271
272,0.45129055
273,0.45614168
274,0.47359756
275,0.95565647
276,0.98156744
277,0.9771145
279,0.4488067
280,0.9789444
281,0.45354342
282,0.46186838
283,0.9805002
284,0.98248047
285,0.44120586
286,0.4403664
287,0.51175535
290,0.9778921
291,0.97281736
292,0.97205484
293,0.5802642
294,0.9781019
295,0.4348517
296,0.979018
297,0.97183007
298,0.96684843
299,0.98085207
300,0.46872833
301,0.49485686
302,0.493633
303,0.76155967
305,0.9711845
306,0.7797931
308,0.8605305
309,0.97650576
311,0.9014474
312,0.93596375
313,0.7026236
314,0.6071906
316,0.47596496
317,0.45763367
318,0.6119541
319,0.48127577
321,0.8598982
322,0.92136073
323,0.47699344
324,0.44660017
325,0.48659566
326,0.46946234
327,0.44959873
328,0.5065746
329,0.48405588
330,0.56802756
331,0.46464655
332,0.4401715
333,0.573429
334,0.4702455
336,0.93323016
338,0.60336775
339,0.94938195
341,0.9729144
343,0.97746587
344,0.97836375
345,0.9605115
347,0.9794169
348,0.98056364
349,0.9796735
350,0.8681688
351,0.9425716
352,0.9822004
353,0.9770761
355,0.97625345
357,0.93597555
358,0.9704973
359,0.92917275
360,0.9489174
361,0.97899354
362,0.9740104
363,0.97807693
364,0.9676464
365,0.9806788
366,0.9652555
369,0.9704735
371,0.9755598
372,0.962558
375,0.98046136
376,0.97972244
378,0.9761019
379,0.95511687
380,0.9821416
381,0.96929115
382,0.9759997
384,0.97887933
386,0.47735503
387,0.5570459
388,0.64322853
389,0.44927183
390,0.4580516
391,0.48861858
392,0.4516301
393,0.47616264
396,0.47100785
397,0.475158
398,0.46574312
399,0.46224618
401,0.4734856
402,0.486175
404,0.46293032
405,0.47638166
406,0.47859004
407,0.47660613
408,0.92075306
410,0.9781757
411,0.4363588
412,0.979031
413,0.4391097
414,0.9817209
415,0.44257388
416,0.97380847
417,0.45940077
418,0.9818287
419,0.47122115
420,0.9710104
421,0.4394828
422,0.98173034
423,0.45056415
424,0.97643864
425,0.4333172
426,0.91047645
427,0.45414066
428,0.9780266
429,0.44428897
430,0.9331515
431,0.4493085
432,0.9422632
433,0.45026758
434,0.97854096
438,0.94569033
440,0.97514206
442,0.9793026
445,0.43495262
447,0.44145143
448,0.9784775
449,0.43676054
450,0.9799448
451,0.51746696
452,0.9778861
453,0.441534
455,0.4479111
456,0.9758305
457,0.45245606
458,0.97868735
459,0.43333247
460,0.9791501
461,0.43858474
462,0.9807438
464,0.95050794
465,0.46052465
466,0.9796633
467,0.439998
469,0.43512216
470,0.77536887
472,0.9715395
473,0.4705148
476,0.96819365
477,0.4583024
478,0.9812057
479,0.432319
480,0.8641956
481,0.43151364
482,0.9770602
483,0.44824237
486,0.9709128
487,0.4589384
488,0.97669995
490,0.9782029
491,0.44361344
493,0.46012142
494,0.9772725
497,0.4522418
498,0.9825643
499,0.44392896
500,0.982114
501,0.45321757
502,0.9838367
503,0.4449607
504,0.7649593
505,0.4419632
507,0.43896478
509,0.45622605
511,0.44172457
512,0.98113614
513,0.44330075
514,0.95702106
515,0.4491599
517,0.4308005
518,0.9791241
519,0.4324436
520,0.92223316
521,0.44055077
522,0.9808429
523,0.4334589
524,0.96710515
525,0.45209953
526,0.9765534
527,0.45215568
528,0.9794073
529,0.43925852
530,0.9769702
532,0.9800045
534,0.9530381
535,0.47569552
536,0.9749418
537,0.44118765
538,0.97810465
539,0.43407977
540,0.98029023
541,0.4374223
544,0.9751786
545,0.46985626
546,0.98115885
548,0.72542965
549,0.45273933
550,0.9785438
551,0.44007483
552,0.98264664
553,0.4477816
554,0.97734755
555,0.47513294
556,0.94105387
557,0.44427076
558,0.4541877
559,0.98368305
560,0.9766207
561,0.44361997
562,0.9764531
563,0.97420686
564,0.97519547
567,0.98035425
568,0.9798365
569,0.9772205
570,0.9735685
571,0.9783172
572,0.9771063
573,0.46223536
574,0.9773507
575,0.9732719
576,0.9784499
577,0.45199504
578,0.9688091
580,0.9741354
581,0.4411795
582,0.97676814
583,0.9786441
584,0.9768794
585,0.43486935
586,0.98085165
587,0.98250234
588,0.9520568
590,0.5540452
591,0.97947305
592,0.9817368
593,0.44203132
596,0.97497386
597,0.978779
598,0.4530475
600,0.97681504
601,0.44419062
604,0.43511245
607,0.9712314
608,0.9668013
609,0.97784686
610,0.9781847
611,0.45449987
612,0.9729575
613,0.9799549
614,0.4403325
615,0.9840561
616,0.4325129
617,0.67204684
618,0.43257964
620,0.9803934
621,0.9767572
623,0.4513976
624,0.9772652
625,0.97875196
627,0.45204374
629,0.45315117
630,0.9090563
631,0.4643332
633,0.98016894
635,0.4484323
636,0.9781085
637,0.980475
639,0.96359944
640,0.4339911
641,0.9739096
642,0.44284445
643,0.9836495
644,0.44390905
645,0.9784636
646,0.43963733
647,0.4291723
648,0.4441423
649,0.46163714
650,0.43409798
651,0.46035853
652,0.98211426
656,0.43908006
657,0.45456704
658,0.45558828
659,0.4384805
660,0.44179723
661,0.97654736
662,0.97798187
663,0.9802127
665,0.43550533
667,0.44027293
669,0.44596344
670,0.9340348
671,0.9642678
673,0.97954994
674,0.45239967
675,0.4561114
676,0.45059773
677,0.9634389
679,0.95853716
680,0.9836044
681,0.4344061
682,0.43204838
683,0.9291206
685,0.9801514
686,0.97942936
687,0.47098127
688,0.4386047
690,0.44157162
691,0.97622764
692,0.9748902
693,0.9791059
694,0.97040266
695,0.46437737
697,0.44164425
698,0.9740999
699,0.9696517
700,0.9751119
704,0.44124314
705,0.4523892
706,0.4581606
707,0.8011031
710,0.98065615
711,0.6014125
713,0.43794805
715,0.95051366
716,0.97976035
717,0.9773835
719,0.4337305
720,0.45220685
721,0.44078916
723,0.44185486
724,0.9827001
725,0.9795083
726,0.9830872
727,0.97739714
729,0.44257426
730,0.43283755
731,0.43945134
732,0.4335021
733,0.4545096
734,0.97632545
735,0.9797117
736,0.9761286
737,0.7226519
739,0.42984256
740,0.45851997
742,0.4489387
743,0.976659
744,0.9770389
745,0.9803231
749,0.43448633
750,0.43030518
751,0.44937485
752,0.9758911
754,0.97663695
755,0.9758546
756,0.9824338
757,0.4521977
758,0.487113
759,0.4358296
761,0.9827649
762,0.9815391
763,0.98021084
765,0.9779643
766,0.44844118
768,0.4556183
769,0.4469953
770,0.46208155
771,0.9827047
772,0.97693574
773,0.9757087
775,0.98380405
779,0.44358003
780,0.4580733
781,0.97465104
782,0.9816465
783,0.98013353
784,0.80458736
785,0.97237444
787,0.45494443
789,0.43154192
790,0.4409213
791,0.9764825
792,0.9783467
793,0.97918653
795,0.97740984
796,0.44585493
797,0.4404875
798,0.43369296
799,0.45089704
800,0.4499217
801,0.9751245
803,0.9658106
804,0.9478878
805,0.45188743
807,0.43449372
808,0.4500171
809,0.9408402
810,0.9612226
811,0.9768569
812,0.97829413
813,0.94922006
814,0.4511458
816,0.4313607
817,0.44257426
819,0.9733762
821,0.95894593
824,0.44068328
825,0.44257945
826,0.45271432
827,0.4599813
828,0.97301924
829,0.9800039
830,0.97474617
831,0.97869545
832,0.9712459
833,0.43666855
835,0.4299286
836,0.44362035
837,0.4758269
838,0.9782602
839,0.9801032
840,0.9670479
842,0.54728967
843,0.47953323
844,0.46510956
845,0.4401525
846,0.9734095
847,0.9809167
848,0.9763164
849,0.4505739
850,0.4462479
851,0.4451064
852,0.43542898
853,0.9131205
854,0.9830877
855,0.9818817
858,0.44591704
859,0.4352736
860,0.9223707
861,0.9811467
862,0.97538847
863,0.96445125
864,0.5817385
866,0.4532901
868,0.47106296
869,0.97776204
870,0.972937
872,0.98040664
873,0.9526169
875,0.45344752
876,0.46204126
877,0.43433678
878,0.4468276
879,0.93232393
881,0.9779407
882,0.97987455
883,0.9389955
884,0.44397962
885,0.43890974
886,0.47891322
887,0.4551068
888,0.95240587
889,0.7994253
890,0.9764555
892,0.9609441
894,0.4356046
895,0.45978463
896,0.4399131
897,0.44692034
900,0.9748873
903,0.50226295
904,0.436924
905,0.4680678
906,0.45740485
907,0.44147247
909,0.94917154
910,0.87219435
911,0.9794321
912,0.6721138
913,0.4556184
914,0.4463002
915,0.44617388
916,0.44746807
917,0.46707958
918,0.95214385
919,0.93352664
920,0.49212903
921,0.96843094
924,0.4416152
925,0.48456395
927,0.46986485
928,0.9696051
929,0.7033954
930,0.76150393
931,0.9708829
932,0.7370611
933,0.46485335
934,0.4406161
935,0.44382972
936,0.45874363
938,0.8613722
939,0.96149826
940,0.54361844
941,0.4492676
942,0.5671931
943,0.44060636
944,0.46169946
945,0.9563854
946,0.824554
948,0.88253534
949,0.6738638
950,0.4849581
951,0.4394618
952,0.49427295
953,0.45773757
954,0.978454
956,0.95123976
957,0.9686013
960,0.45726937
961,0.5263802
962,0.8830056
964,0.50914496
965,0.4384633
966,0.4552563
968,0.4709035
969,0.67799276
970,0.95498204
971,0.5567439
972,0.52851135
973,0.44359672
974,0.46171805
975,0.61792624
976,0.9681123
977,0.97506624
978,0.977403
979,0.83640426
980,0.48154292
981,0.43945077
982,0.438547
983,0.51193523
984,0.51351213
986,0.6989304
987,0.47340754
989,0.4636714
990,0.46334672
993,0.9742164
995,0.92898047
996,0.4530653
997,0.44114944
998,0.87090087
999,0.7554061
1000,0.96490896
1001,0.9638813
1002,0.9446571
1003,0.63166076
1004,0.46064064
1005,0.6295669
1006,0.95219636
1008,0.9651518
1009,0.4337537
1011,0.47665557
1013,0.44785652
1015,0.50232726
1016,0.9290962
1017,0.4489541
1018,0.65224826
1019,0.4480203
1021,0.45508796
1022,0.4304919
1024,0.4532157
1025,0.48654264
1026,0.49664766
1028,0.44721958
1029,0.43961772
