row_id,label,deberta_prob,tfidf_xgb_prob,weighted_vote_prob,meta_prob
0,1,0.5456386,0.49651977,0.525991068,0.2820281645451832
1,0,0.45224118,0.006045883,0.2737630612,0.038919692211045485
2,1,0.9525338,0.98718345,0.96639366,0.9839694769002115
3,1,0.8720294,0.9711798,0.9116895599999999,0.9663133971747421
5,0,0.45244047,0.0006744585,0.2717340654,0.038397530756277956
6,1,0.97747964,0.99500966,0.9844916480000001,0.9873985814177181
7,0,0.4357334,0.008996204,0.26503852159999997,0.03408579583496007
8,1,0.9772883,0.73856604,0.8817993959999999,0.9735176394268147
9,0,0.44444463,0.00082234637,0.266995716548,0.035879600564087656
10,0,0.45213163,0.012491787,0.27627569280000003,0.039598968268108735
11,1,0.9409347,0.98152816,0.957172084,0.9819719458993905
12,0,0.43981886,0.00517086,0.26595966,0.03491683655683617
13,1,0.7319478,0.9387727,0.8146777600000001,0.8828069471243881
14,0,0.43394244,0.013495908,0.26576382719999997,0.033999475006654435
15,1,0.9591332,0.9965334,0.9740932800000001,0.9852714471573111
16,1,0.9774669,0.9916551,0.9831421800000001,0.9872736616392807
17,0,0.4316107,0.007993127,0.26216367079999997,0.032809055300632314
18,0,0.43088427,0.0078008533,0.26165090332,0.032587487406927435
19,1,0.92343336,0.6803711,0.826208456,0.9505325129286478
20,0,0.44435337,0.0042782086,0.26832330544,0.03620504936811764
21,1,0.9642987,0.63006675,0.83060592,0.9596821439784109
22,0,0.44514328,0.008765239,0.27059206359999993,0.036917065554106655
25,0,0.45874935,0.08760964,0.31029346599999996,0.05172543298251291
27,1,0.9821041,0.6249812,0.83925494,0.9648605417701519
28,0,0.44151118,0.004202661,0.2665877724,0.03532857317695048
29,1,0.9718901,0.85278136,0.924246604,0.9800213351510779
30,0,0.44249588,0.009410283,0.26926164119999996,0.036157879080716444
32,1,0.85751116,0.9515906,0.8951429360000001,0.9596902045257963
33,0,0.43861383,0.008765239,0.26667439359999995,0.034913560590637584
34,1,0.95576924,0.22112629,0.6619120599999999,0.8687583838405518
36,0,0.4566299,0.012665361,0.27904408439999995,0.041163671043389895
37,1,0.95918995,0.89634204,0.9340507859999999,0.9803263598338087
38,0,0.4344705,0.0018873869,0.26143725475999996,0.03304373179491592
39,1,0.9657819,0.29405874,0.6970926359999999,0.899667520232385
40,1,0.94381404,0.9753474,0.956427384,0.9821011164396055
42,0,0.44240576,0.0012341277,0.26593710707999996,0.03530092011974625
43,1,0.95166075,0.6793238,0.84272597,0.9609406055178062
44,1,0.757555,0.84981656,0.794459624,0.8791411599147998
45,1,0.97385776,0.9991049,0.983956616,0.9871467139457868
47,1,0.96328217,0.9115572,0.942592182,0.9818306390685961
49,1,0.98269975,0.9773818,0.98057257,0.9873282533121367
50,0,0.45439565,0.14114513,0.32909544199999996,0.05788640239675454
51,1,0.9821212,0.9983425,0.98860972,0.9880171187692386
52,1,0.9790238,0.9845723,0.9812432,0.9871847028500621
53,0,0.45302948,0.006045883,0.2742360412,0.039181901389777826
54,1,0.9734517,0.9487036,0.96355246,0.9850680387749586
55,1,0.98162043,0.1238796,0.638524098,0.8620965449984244
56,0,0.43421432,0.06306571,0.285754876,0.03922429382294907
57,1,0.9807421,0.99959725,0.98828416,0.9879157139373447
58,1,0.9796538,0.98364186,0.981249024,0.9872206388785855
60,0,0.4546111,0.01127474,0.277276556,0.04030446938695234
62,0,0.44111001,0.008765239,0.2681721016,0.03566680899798742
64,0,0.44954678,0.0043983646,0.27148741383999997,0.037859010200780314
65,1,0.9784348,0.043506853,0.6044636212,0.827485205185842
66,0,0.43160412,0.030957526,0.2713454824,0.03502202678251099
67,1,0.9755703,0.8050362,0.9073566599999999,0.9777940490218793
68,0,0.4558974,0.0038933705,0.27509578819999997,0.03990665546756887
69,1,0.9725867,0.29449078,0.701348332,0.9050917299516502
70,0,0.45890197,0.03340667,0.28870385,0.044491338087811826
71,1,0.9826345,0.97028863,0.977696152,0.9870568709978219
72,0,0.44333842,0.008765239,0.2695091476,0.03635245735766185
73,1,0.97638047,0.44803357,0.76504171,0.9393962038562531
74,0,0.45281217,0.0009179242,0.27205447168,0.038545928104176085
76,1,0.6893666,0.81841785,0.7409871,0.7837145307699727
77,1,0.92746073,0.989296,0.9521948379999999,0.9801805762176953
78,0,0.44399688,0.34396175,0.40398282799999996,0.09240661396896507
79,1,0.975047,0.96358114,0.970460656,0.9858968874736349
82,1,0.97832936,0.24559027,0.685233724,0.8967879923404595
83,0,0.45552564,0.012433963,0.2782889692,0.040752427548456684
84,1,0.96413165,0.99685246,0.977219974,0.9859138198179191
85,0,0.446998,0.002378857,0.2691503428,0.036833058847828594
86,1,0.82739615,0.15017864,0.556509146,0.6325604742228441
87,1,0.97990227,0.8573532,0.9308826419999999,0.9816100767071038
89,1,0.9769121,0.44165948,0.762811052,0.9385909656398983
90,0,0.47493622,0.038634576,0.3004155624,0.05168945776644413
91,1,0.9728775,0.122538134,0.6327417536,0.8521250568561133
92,0,0.44399562,0.03306281,0.27962249599999994,0.039162295366187067
93,1,0.9760645,0.9967186,0.98432614,0.9873047751034438
94,0,0.455267,0.08368457,0.30663402799999995,0.049683614970951445
95,1,0.9502434,0.82890916,0.901709704,0.9741873567996092
96,1,0.9651814,0.9981553,0.9783709599999999,0.9860951627056715
97,1,0.9837961,0.98282444,0.983407436,0.9876463395929864
98,1,0.9730551,0.98791575,0.97899936,0.9866283487489795
99,0,0.4442346,0.016042314,0.2729576856,0.03739551574061447
100,1,0.9786324,0.9599792,0.97117112,0.9861882925619508
101,0,0.42916897,0.059779536,0.2814131964,0.0372248618944584
102,1,0.98276466,0.99502134,0.987667332,0.9879687659094055
104,0,0.43874666,0.036821906,0.27797675839999997,0.03784966835067863
105,1,0.9818123,0.8550396,0.93110322,0.9817918320487271
107,1,0.97365236,0.16105352,0.648612824,0.8666488730520745
108,0,0.44466516,0.00069465564,0.26707695825600003,0.03593425369033772
109,0,0.45138004,0.0066247466,0.27347792264,0.038698539573455794
110,1,0.9773375,0.41367012,0.751870548,0.9338984347107754
111,1,0.9797891,0.9916306,0.9845257000000001,0.987528819646838
112,0,0.4436857,0.009902962,0.2701726048,0.03657832442011748
113,1,0.9833574,0.8560911,0.93245088,0.9820895999903123
114,0,0.43514448,0.008779578,0.2645985192,0.03389345137771052
115,1,0.9419542,0.27179694,0.673891296,0.8717784144867275
118,1,0.9812251,0.48912653,0.784385672,0.9480844836599818
120,1,0.9647468,0.59806544,0.8180742559999999,0.95604117735232
121,1,0.94441444,0.9652848,0.952762584,0.9816687599620801
122,1,0.9838396,0.9940719,0.98793252,0.9880485289920917
124,1,0.95052344,0.82512593,0.900364436,0.973968744908026
125,0,0.4881418,0.50280076,0.49400538400000005,0.19378872238746217
129,1,0.97981894,0.9956976,0.986170404,0.9876786708655093
131,1,0.97466856,0.15037355,0.644950556,0.8640339930644605
133,1,0.9816902,0.8573125,0.93193912,0.9818918592728638
134,0,0.4365902,0.0046165786,0.26380075144,0.03391167231107384
135,1,0.97974867,0.9912634,0.984354562,0.9875110771256909
136,0,0.44452468,0.00446852,0.26850221599999996,0.03627766032442983
137,0,0.44820505,0.08125822,0.301426318,0.0464922783372129
138,1,0.97781223,0.9985902,0.986123418,0.9875653509710071
139,1,0.98096436,0.8042905,0.910294816,0.9787632299910081
141,1,0.97356004,0.8269804,0.914928184,0.9787877800378262
142,0,0.44897595,0.21921277,0.35707067800000003,0.06863791118053424
144,1,0.9618055,0.9942252,0.97477338,0.985514555260684
146,0,0.43234104,0.024649506,0.2692644264,0.03461730732941546
147,1,0.9777018,0.9891155,0.98226728,0.9872056852279911
148,1,0.7206583,0.28907365,0.5480244400000001,0.5015229232841615
149,0,0.4326762,0.043506853,0.2770084612,0.03662639664470787
150,1,0.9753796,0.9956743,0.98349748,0.9871896262282391
152,1,0.9790506,0.95035964,0.9675742159999999,0.9858489117066893
153,0,0.453095,0.0045086476,0.27366045904,0.03903362412098719
154,1,0.9783117,0.9961255,0.9854372200000001,0.9875305462268152
155,0,0.45795715,0.36053333,0.41898762199999995,0.1079304045143803
156,1,0.9812076,0.9900427,0.98474164,0.9876257119422616
158,1,0.9765062,0.7595258,0.8897140400000001,0.9748940342850815
160,0,0.44072884,0.0028119108,0.26556206832,0.03495459060447074
161,0,0.49502993,0.06674544,0.323716134,0.06607890794042387
162,1,0.9568696,0.9127504,0.9392219199999999,0.9808544714597613
163,1,0.9726136,0.89754796,0.9425873440000001,0.9825556898062388
165,0,0.4533753,0.02203269,0.28083825599999995,0.04111375866710009
166,0,0.443457,0.0030447156,0.26729208624,0.03580322119462403
168,1,0.97875893,0.729351,0.878995758,0.9731517084413427
169,1,0.97920495,0.4216099,0.75616693,0.936321264429901
170,0,0.44634598,0.6441264,0.525458148,0.2010247254425255
171,1,0.97693455,0.99742377,0.985130238,0.9874268819017159
172,0,0.45307937,0.006207993,0.27433081919999996,0.039216535068306586
173,0,0.44363233,0.0018086211,0.26690284644,0.0357312889190667
175,1,0.9818559,0.9911323,0.9855664599999999,0.9877346755773472
176,1,0.9830798,0.9432112,0.96713236,0.9860520517613584
177,1,0.97684765,0.9987656,0.9856148299999999,0.9874663118868244
178,1,0.967884,0.9871515,0.975591,0.9859788734718042
179,1,0.9777394,0.9787239,0.9781332,0.9868177140069587
180,1,0.97900575,0.9796952,0.97928153,0.9869996880020402
181,0,0.45880657,0.083501786,0.3086846564,0.051159942020921854
182,1,0.97047687,0.9961557,0.9807484019999999,0.986646941560872
183,0,0.43773693,0.002254375,0.263543908,0.03401695373582101
184,0,0.43595383,0.0008551995,0.2619143778,0.03336825451590062
185,0,0.44981807,0.008961741,0.2734755384,0.03844031554831374
186,0,0.44078994,0.012930499,0.2696461636,0.0359925075441197
187,1,0.948995,0.97355294,0.9588181760000001,0.9828016812045315
188,0,0.43359825,0.0006950993,0.26043698972,0.03268639510251232
189,0,0.45052332,0.012917073,0.2754808212,0.039107376786972244
190,1,0.9841659,0.023260286,0.5998036544,0.826222709474897
191,0,0.44626674,0.012641568,0.27281667119999997,0.037684519475286754
193,0,0.46775478,0.15247445,0.341642648,0.06674070989038705
194,1,0.9826215,0.99894756,0.989151924,0.9880904927013866
195,1,0.98192275,0.99800855,0.98835707,0.9879846070746254
197,0,0.4689722,0.008937824,0.2849584496,0.045228747169984165
198,1,0.9735073,0.9828672,0.9772512600000001,0.9864843436183051
199,1,0.89148897,0.5346292,0.748745062,0.9040794723108216
200,1,0.9839107,0.9970861,0.98918086,0.9881602617977021
201,0,0.45213503,0.006045883,0.2736993712,0.03888451282366736
202,0,0.45703167,0.6158459,0.5205573619999999,0.20286874197357882
203,0,0.43304288,0.0055329786,0.26203891943999996,0.03298245688110124
204,1,0.9819146,0.30285755,0.7102917799999999,0.9139183193365027
205,0,0.4711871,0.1285578,0.33413538,0.06429191386698853
206,1,0.9781506,0.6740504,0.85651052,0.9683883001547384
209,0,0.44679964,0.0016230119,0.26872898876,0.03669198364506832
210,0,0.4643044,0.0010296725,0.278994509,0.04251713524719192
212,1,0.94107026,0.9091452,0.928300236,0.9778104477412249
213,0,0.5437675,0.09646888,0.364848052,0.10630899694754554
214,0,0.44009522,0.010344576,0.26819496239999996,0.03551768259317593
215,1,0.97803986,0.9166609,0.953488276,0.9842574790787197
216,1,0.9790636,0.95196444,0.968223936,0.9859162859286479
217,0,0.45649296,0.028096916,0.28513454239999997,0.04294511143305189
218,0,0.44336125,0.011953516,0.2707981564,0.0366899252595276
219,1,0.9800152,0.8933464,0.94534768,0.9834450874675845
220,1,0.9789682,0.98430854,0.981104336,0.9871686322426163
221,1,0.96430415,0.9822688,0.97149001,0.9853269397015355
222,1,0.9213401,0.99068296,0.9490772439999999,0.9791821205615254
223,0,0.45697653,0.5025031,0.475187158,0.15411277338708848
224,0,0.46448123,0.2929758,0.395879058,0.09507721828200953
225,1,0.96458125,0.87202823,0.9275600419999999,0.9798619169431645
226,1,0.97321993,0.016364042,0.5904775748,0.8087267933151865
227,1,0.9824891,0.9739171,0.9790603,0.9871763587855917
228,1,0.9755058,0.8708662,0.93364996,0.9816248850602464
229,0,0.46762505,0.08752219,0.315583906,0.055709761850651726
231,1,0.9813276,0.9916904,0.98547272,0.9876977985811858
232,0,0.49655166,0.077779606,0.3290428384,0.06897369856595707
233,0,0.4572411,0.00432469,0.27607453600000004,0.04041473124444914
234,1,0.9833123,0.979645,0.98184538,0.9874786738330358
236,0,0.4499123,0.0039767153,0.27153806612,0.037931868864702234
237,1,0.9786789,0.97450364,0.977008796,0.9867642801807093
238,1,0.9420839,0.07533677,0.5953850479999999,0.792394994660735
239,1,0.9699683,0.987515,0.97698698,0.986246530225391
240,0,0.4549862,0.018781982,0.2805045128,0.04129971884148646
241,1,0.9812152,0.9798069,0.98065188,0.9872527402563309
243,1,0.9810543,0.34616402,0.727098188,0.922894506363031
244,1,0.97669387,0.94913125,0.965668822,0.9855029147579909
246,1,0.9834435,0.203581,0.6714985,0.8893052458932434
247,1,0.9762082,0.988669,0.98119252,0.9870205499243304
248,1,0.9340308,0.02346321,0.5698037640000001,0.7531143919391395
249,0,0.44323823,0.0006396284,0.26619878936,0.03549309601568296
250,1,0.98249626,0.9528044,0.970619516,0.9863658905007656
252,1,0.9759536,0.96306753,0.970799172,0.985987307072154
253,1,0.97570395,0.98843735,0.98079731,0.9869543847773089
254,1,0.9809879,0.8981577,0.94785582,0.9838120602523636
255,1,0.966072,0.010288068,0.5837584272,0.795842235034934
256,1,0.98342264,0.089999005,0.6260531859999999,0.8518294503042186
257,1,0.9831822,0.95606726,0.972336224,0.9865752650603916
260,1,0.9755452,0.8676413,0.93238364,0.9814591693518352
261,0,0.43878073,0.010309234,0.26739213159999997,0.035117170464585436
262,1,0.9650118,0.98810565,0.9742493400000001,0.9856622843338616
263,1,0.98224616,0.2560521,0.6917685359999999,0.9026971498014926
264,0,0.44961816,0.19717653,0.348641508,0.0649489754521548
265,1,0.98102576,0.9983688,0.9879629759999999,0.987902539196117
266,1,0.98272055,0.040733833,0.6059258632000001,0.8317010800556747
267,1,0.9809224,0.7142953,0.87427156,0.9724865495549728
268,0,0.44426903,0.107429914,0.3095333836,0.048398199216323774
269,1,0.9556819,0.98011714,0.965455996,0.9840810374721535
270,0,0.4529271,0.047008883,0.2905598132,0.04394583044780583
272,0,0.45129055,0.012138818,0.2756298572,0.03927716930118021
273,0,0.45614168,0.12220524,0.322567104,0.0557276834248596
274,0,0.47359756,0.018613948,0.29160411519999996,0.04832625303670255
275,1,0.95565647,0.42437983,0.743145814,0.9232631091740774
276,1,0.98156744,0.881463,0.941525664,0.9830958205876292
277,1,0.9771145,0.9736205,0.9757169,0.9865474755808197
279,0,0.4488067,0.02182219,0.278012896,0.039523072924962786
280,1,0.9789444,0.9798182,0.97929392,0.9869973574469033
281,0,0.45354342,0.006404267,0.27468775879999996,0.039393678257162994
282,0,0.46186838,0.774523,0.5869302279999999,0.2976857367832766
283,1,0.9805002,0.66019416,0.852377784,0.9677710713965949
284,1,0.98248047,0.95601827,0.97189559,0.9864907106460497
285,0,0.44120586,0.0057117455,0.2670082142,0.035387830721270636
286,0,0.4403664,0.0035402605,0.2656359442,0.03491858416464326
287,0,0.51175535,0.08724365,0.34195067,0.08017812343861266
290,1,0.9778921,0.97594166,0.977111924,0.9867284501381262
291,1,0.97281736,0.91040367,0.947851884,0.9832226347273496
292,1,0.97205484,0.8383419,0.918569664,0.9792013822319688
293,0,0.5802642,0.12747274,0.399147616,0.15261843701486402
294,1,0.9781019,0.8667022,0.93354202,0.9818177922941437
295,0,0.4348517,0.007937097,0.2640858588,0.03372763258663742
296,1,0.979018,0.72410744,0.8770537760000001,0.9728061462143658
297,1,0.97183007,0.9206082,0.951341322,0.9835703601667266
298,1,0.96684843,0.9881031,0.9753502980000001,0.9858904387305335
299,1,0.98085207,0.9969157,0.987277522,0.9878328048292346
300,0,0.46872833,0.0017997255,0.28195688820000003,0.04423821875278263
301,0,0.49485686,0.91506064,0.6629383719999999,0.46204739752958535
302,0,0.493633,0.92632985,0.66671174,0.46760355452099184
303,0,0.76155967,0.012075024,0.4617658116,0.39006987886984745
305,1,0.9711845,0.99697423,0.981500392,0.9867608515534043
306,1,0.7797931,0.11281499,0.513001856,0.5028108815366882
308,1,0.8605305,0.79707736,0.835149244,0.939448295936661
309,1,0.97650576,0.9919911,0.982699896,0.9871787025392176
311,1,0.9014474,0.76869875,0.84834794,0.9535101608295515
312,1,0.93596375,0.013485565,0.5669724759999999,0.7508302399432129
313,0,0.7026236,0.108947545,0.465153178,0.3353308786389099
314,0,0.6071906,0.4472494,0.54321412,0.3696049100058264
316,0,0.47596496,0.053547863,0.3069981212,0.05435167217455016
317,1,0.45763367,0.0071642743,0.27744591172,0.04087645843884916
318,0,0.6119541,0.075440735,0.39734875399999997,0.16987305525158328
319,0,0.48127577,0.77607954,0.599197278,0.3358746405412058
321,0,0.8598982,0.008205233,0.5192210131999999,0.6018680681995277
322,0,0.92136073,0.5545014,0.774616998,0.92868715637402
323,0,0.47699344,0.008692994,0.28967326159999995,0.048367081828121807
324,0,0.44660017,0.00061421,0.268205786,0.03652486038594413
325,0,0.48659566,0.008194561,0.2952352204,0.05236584456596577
326,0,0.46946234,0.035252832,0.2957785368,0.04889699671749391
327,0,0.44959873,0.046214987,0.28824523280000003,0.04262733219390953
328,0,0.5065746,0.023338627,0.31328021079999996,0.06452341982457
329,0,0.48405588,0.078054294,0.3216552456,0.06223887381507628
330,0,0.56802756,0.0679828,0.368009656,0.11942873925803785
331,0,0.46464655,0.43530586,0.45291027399999995,0.1379305386968557
332,0,0.4401715,0.0176252,0.27115298,0.036283084772497774
333,0,0.573429,0.99436027,0.741801508,0.6852197924666118
334,0,0.4702455,0.008715676,0.2856335704,0.04569011078224246
336,0,0.93323016,0.51866925,0.767405796,0.928667134791954
338,1,0.60336775,0.5157209,0.56830901,0.409465709314756
339,1,0.94938195,0.98576236,0.963934114,0.9834548355790367
341,1,0.9729144,0.9857619,0.9780534,0.9865278516261973
343,1,0.97746587,0.84725857,0.92538295,0.9806603771348621
344,1,0.97836375,0.9938193,0.98454597,0.9874523635558471
345,1,0.9605115,0.008832636,0.5798399543999999,0.7869996811875393
347,1,0.9794169,0.9975049,0.9866521000000001,0.9877000485179483
348,1,0.98056364,0.975441,0.978514584,0.9870161278322344
349,1,0.9796735,0.9955896,0.98603994,0.9876590967613297
350,1,0.8681688,0.9870837,0.9157347599999999,0.966721499373949
351,1,0.9425716,0.13829471,0.620860844,0.8218794933480934
352,1,0.9822004,0.9983429,0.9886573999999999,0.9880254413404544
353,1,0.9770761,0.93867385,0.9617152,0.9851061258605314
355,1,0.97625345,0.97716004,0.9766160859999999,0.9865844572626381
357,1,0.93597555,0.9888228,0.95711445,0.9815696815055887
358,1,0.9704973,0.9996069,0.98214114,0.9867825321402935
359,1,0.92917275,0.97329694,0.946822426,0.9795505596005414
360,1,0.9489174,0.9960532,0.96777172,0.9838755520246873
361,1,0.97899354,0.3572016,0.730276764,0.9239014003369198
362,1,0.9740104,0.9626683,0.96947356,0.9857307996365916
363,1,0.97807693,0.9887162,0.9823326379999999,0.987232804386801
364,1,0.9676464,0.9970368,0.97940256,0.9863473126920167
365,1,0.9806788,0.98197997,0.981199268,0.9872734162984788
366,1,0.9652555,0.84579325,0.9174706,0.9784062954154564
369,1,0.9704735,0.9976814,0.98135666,0.9867056096676451
371,1,0.9755598,0.95666325,0.9680011799999999,0.9856751503441871
372,1,0.962558,0.9773645,0.9684806,0.9848880355023651
375,1,0.98046136,0.97990376,0.98023832,0.9871719867479051
376,1,0.97972244,0.86082315,0.9321627239999999,0.9817651047892262
378,1,0.9761019,0.99904805,0.98528036,0.9873945908542385
379,1,0.95511687,0.9665468,0.959688842,0.9833610370345405
380,1,0.9821416,0.99813133,0.988537492,0.9880118966056392
381,1,0.96929115,0.9934637,0.9789601699999999,0.9864018449995966
382,1,0.9759997,0.9973755,0.98455002,0.9873218094060301
384,1,0.97887933,0.5158806,0.7936798380000001,0.950865627215767
386,0,0.47735503,0.5146617,0.49227769800000004,0.18448303402440538
387,0,0.5570459,0.015874097,0.3405771788,0.09546746777016747
388,0,0.64322853,0.13264024,0.438993214,0.24215869693451622
389,0,0.44927183,0.07801452,0.300768906,0.046488040431804725
390,0,0.4580516,0.0837347,0.30832484,0.0508691713589124
391,0,0.48861858,0.3692013,0.440851668,0.1400647828471489
392,0,0.4516301,0.3701644,0.41904381999999996,0.10529008421471059
393,0,0.47616264,0.036782343,0.3004105212,0.05195562204115088
396,0,0.47100785,0.14075859,0.33890814599999997,0.06638879736873364
397,0,0.475158,0.36706656,0.431921424,0.12560918898176027
398,0,0.46574312,0.014504903,0.28524783319999997,0.04470356923652241
399,0,0.46224618,0.011351853,0.28188844919999995,0.04301455526914847
401,0,0.4734856,0.38152185,0.43670010000000004,0.12868784526299906
402,0,0.486175,0.4367266,0.46639564,0.16279532420424508
404,0,0.46293032,0.11148643,0.322352764,0.057252548684249276
405,0,0.47638166,0.6670861,0.552663436,0.2599825335248957
406,0,0.47859004,0.010869693,0.2915019012,0.04932232977634282
407,0,0.47660613,0.011738144,0.2906589356,0.04862242459808589
408,1,0.92075306,0.97566074,0.942716132,0.9781501063398632
410,1,0.9781757,0.9815749,0.9795353800000001,0.9869762820817038
411,0,0.4363588,0.015501421,0.2680158484,0.0349084080095855
412,1,0.979031,0.997157,0.9862814,0.9876459300303972
413,0,0.4391097,0.0005077234,0.26366890936,0.0342485487863213
414,1,0.9817209,0.93272525,0.9621226399999999,0.9854492381687701
415,0,0.44257388,0.0016047951,0.26618624604,0.03538894439328572
416,1,0.97380847,0.7181711,0.8715535219999999,0.9710704788110996
417,0,0.45940077,0.73556906,0.569868086,0.26994132221690886
418,1,0.9818287,0.9955354,0.98731138,0.9878878773292186
419,0,0.47122115,0.6135177,0.52813977,0.22277961570855487
420,1,0.9710104,0.8908577,0.9389493200000001,0.9819648426033601
421,0,0.4394828,0.71044827,0.5478689880000001,0.22348984928693225
422,1,0.98173034,0.35577312,0.731347452,0.925299316237637
423,0,0.45056415,0.003919864,0.2719064356,0.03813714704603335
424,1,0.97643864,0.98818076,0.9811354880000001,0.9870282973190646
425,0,0.4333172,0.015127701,0.2660414004,0.03397527518445975
426,1,0.91047645,0.9605027,0.9304869499999999,0.9750530634628388
427,0,0.45414066,0.39971328,0.43236970799999996,0.11603595161805262
428,1,0.9780266,0.8473718,0.9257646799999999,0.980760709110783
429,0,0.44428897,0.031628385,0.279224736,0.039101246954036294
430,1,0.9331515,0.055295542,0.5820091168,0.7687439400817939
431,0,0.4493085,0.0008699399,0.26993307596,0.03740623773013279
432,1,0.9422632,0.53716314,0.780223176,0.9370808691082119
433,0,0.45026758,0.0052067884,0.27224326336,0.03817974864354382
434,1,0.97854096,0.98721504,0.9820105920000001,0.9872289315777145
438,1,0.94569033,0.99468046,0.965286382,0.9833493627479108
440,1,0.97514206,0.72211486,0.87393118,0.9717215778217061
442,1,0.9793026,0.57586604,0.817927976,0.9586399696060259
445,0,0.43495262,0.08951493,0.296777544,0.04253274411996666
447,0,0.44145143,0.0022899648,0.26578684391999996,0.03511917631314547
448,1,0.9784775,0.90394795,0.94866568,0.9837290059153297
449,0,0.43676054,0.015327052,0.26818714479999994,0.03501122517271289
450,1,0.9799448,0.9942234,0.98565624,0.9876393580676127
451,0,0.51746696,0.011413636,0.3150456304,0.06833233256341299
452,1,0.9778861,0.55608183,0.809164392,0.9557392847353392
453,0,0.441534,0.0016530321,0.26558161284,0.035080443948429976
455,0,0.4479111,0.62047476,0.516936564,0.192216112049949
456,1,0.9758305,0.96955025,0.9733184,0.9862338114410759
457,0,0.45245606,0.3351387,0.40552911599999997,0.0965991242832952
458,1,0.97868735,0.6826018,0.8602531299999999,0.9692920467301692
459,0,0.43333247,0.08559045,0.294235662,0.041489729233124516
460,1,0.9791501,0.964149,0.97314966,0.9864161681065734
461,0,0.43858474,0.97453225,0.652963744,0.3832503483364634
462,1,0.9807438,0.99021846,0.984533664,0.9875817174700179
464,1,0.95050794,0.20220578,0.651187076,0.8566420140842211
465,0,0.46052465,0.040081717,0.29234747679999995,0.04596104089389782
466,1,0.9796633,0.9871868,0.9826727,0.9873527159230366
467,0,0.439998,0.040824406,0.2803285624,0.038691672915660884
469,0,0.43512216,0.0077363146,0.26416782183999993,0.033786543643779435
470,1,0.77536887,0.5285394,0.6766370820000001,0.7678448106672967
472,1,0.9715395,0.90416855,0.9445911199999999,0.9827258308408392
473,0,0.4705148,0.20761907,0.36535650799999997,0.07936378418767648
476,1,0.96819365,0.9818449,0.97365415,0.9857996769791174
477,0,0.4583024,0.008741285,0.27847795399999997,0.04129292998413247
478,1,0.9812057,0.9814565,0.98130602,0.9873126710246725
479,0,0.432319,0.006212472,0.26187638879999997,0.032841913559997625
480,1,0.8641956,0.74613863,0.8169728119999999,0.9324083747450632
481,0,0.43151364,0.0080070235,0.2621109934,0.03278306304920338
482,1,0.9770602,0.95695543,0.9690182920000001,0.9858737134744859
483,0,0.44824237,0.07229599,0.297863818,0.045350592442430844
486,1,0.9709128,0.59344083,0.819924012,0.9577339163770591
487,0,0.4589384,0.0023579875,0.276306235,0.04077512813019408
488,1,0.97669995,0.96798855,0.97321539,0.9862759459508116
490,1,0.9782029,0.99904877,0.986541248,0.9876243187109283
491,0,0.44361344,0.5628367,0.49130274399999996,0.16199057378131612
493,0,0.46012142,0.11137232,0.32062177999999997,0.05590567158180837
494,1,0.9772725,0.72256017,0.8753875679999998,0.972271266864009
497,0,0.4522418,0.08063463,0.303598932,0.048020479437968756
498,1,0.9825643,0.6221988,0.8384180999999999,0.9647207928090071
499,0,0.44392896,0.065872364,0.2927063216,0.04293968358539148
500,1,0.982114,0.9741639,0.97893396,0.9871434268146885
501,0,0.45321757,0.0007239256,0.27222011224,0.0386580873662518
502,1,0.9838367,0.91079223,0.9546189119999999,0.9847772434743679
503,0,0.4449607,0.003913565,0.268541846,0.03635573077031618
504,1,0.7649593,0.2111012,0.54341606,0.5421928949875785
505,0,0.4419632,0.03396285,0.27876306,0.0385882081213633
507,0,0.43896478,0.016234178,0.2698725392,0.035769379129506056
509,0,0.45622605,0.0006744585,0.2740054134,0.03965586788332905
511,0,0.44172457,0.0069957348,0.26783303591999996,0.03567495798597686
512,1,0.98113614,0.99254155,0.985698304,0.987707627513493
513,0,0.44330075,0.2111012,0.35042092999999996,0.06404428346612395
514,1,0.95702106,0.3155213,0.700421156,0.8983550378197901
515,0,0.4491599,0.022068819,0.2783234676,0.03966974806984726
517,0,0.4308005,0.004365674,0.2602265696,0.032246919179280686
518,1,0.9791241,0.23608765,0.68190952,0.8948339022853327
519,0,0.4324436,0.21663886,0.346121704,0.05941673040585164
520,1,0.92223316,0.728638,0.844795096,0.9563615057407128
521,0,0.44055077,0.0027386253,0.26542591212,0.034894117636918486
522,1,0.9808429,0.996031,0.98691814,0.9878004742744564
523,0,0.4334589,0.034233928,0.27376891119999996,0.035914474773321096
524,1,0.96710515,0.25878793,0.683778262,0.8910397194657631
525,0,0.45209953,0.0054487707,0.27343922628,0.03880711569590307
526,1,0.9765534,0.8528084,0.9270554,0.9808163015252463
527,0,0.45215568,0.036131557,0.2857460308,0.04234146770582415
528,1,0.9794073,0.06957111,0.6154728239999999,0.8393335881493924
529,0,0.43925852,0.0027386253,0.26465056212,0.034510420086761674
530,1,0.9769702,0.22141144,0.674746696,0.8888244305294384
532,1,0.9800045,0.990877,0.9843535,0.9875250039756555
534,1,0.9530381,0.29838377,0.6911763679999999,0.8902513344035098
535,0,0.47569552,0.4824818,0.478410032,0.16857891471146244
536,1,0.9749418,0.9189776,0.9525561199999999,0.9839344632904737
537,0,0.44118765,0.012669172,0.26978025879999995,0.03608824709011579
538,1,0.97810465,0.98972976,0.982754694,0.9872734552834944
539,0,0.43407977,0.014161498,0.2661124612,0.03410398013611094
540,1,0.98029023,0.9855597,0.982398018,0.9873622760804865
541,0,0.4374223,0.0007261567,0.26274384267999995,0.03377825366219224
544,1,0.9751786,0.9863987,0.97966664,0.9868164211435319
545,0,0.46985626,0.013262363,0.28721870120000004,0.04612539874791968
546,1,0.98115885,0.4471205,0.76754351,0.9416154958209872
548,1,0.72542965,0.03192191,0.448026554,0.3298570440701927
549,0,0.45273933,0.06801781,0.29885072199999996,0.046545662419798496
550,1,0.9785438,0.96114296,0.9715834640000001,0.9862242260463249
551,0,0.44007483,0.008426617,0.26741554479999996,0.03531856304660467
552,1,0.98264664,0.99711823,0.988435276,0.9880295727089928
553,0,0.4477816,0.009882337,0.2726218948,0.03787729232795307
554,1,0.97734755,0.96753246,0.973421514,0.9863353391674959
555,0,0.47513294,0.18400514,0.35868182000000004,0.07729915156971727
556,1,0.94105387,0.98146594,0.9572186979999999,0.9819873959744521
557,0,0.44427076,0.0028188936,0.26769001344,0.03602996129938097
558,0,0.4541877,0.008299993,0.27583261719999996,0.03982325885716839
559,1,0.98368305,0.2823811,0.70316227,0.9103425367646458
560,1,0.9766207,0.9618118,0.97069714,0.986017884044012
561,0,0.44361997,0.0063438797,0.26870953387999996,0.0361904597514468
562,1,0.9764531,0.97967094,0.9777402359999999,0.9867052002784564
563,1,0.97420686,0.99434197,0.982260904,0.987007283887106
564,1,0.97519547,0.9926519,0.9821780419999999,0.9870557504667925
567,1,0.98035425,0.8470666,0.9270391899999999,0.981129551837456
568,1,0.9798365,0.9051998,0.94998182,0.9839789148169416
569,1,0.9772205,0.95633596,0.968866684,0.9858680968768646
570,1,0.9735685,0.98307186,0.977369844,0.9864996030067739
571,1,0.9783172,0.9986571,0.9864531599999999,0.9876226053307777
572,1,0.9771063,0.43162343,0.758913152,0.9369671232917901
573,0,0.46223536,0.020335188,0.2854752912,0.04411267246719834
574,1,0.9773507,0.93029946,0.958530204,0.9847764929056907
575,1,0.9732719,0.10144025,0.6245392399999999,0.8445837451236974
576,1,0.9784499,0.49600658,0.785472572,0.9478704488636673
577,0,0.45199504,0.004439479,0.27297281560000003,0.038661970170958286
578,1,0.9688091,0.6787264,0.8527760199999999,0.9662052976795663
580,1,0.9741354,0.14732286,0.6434103840000001,0.8624154110391289
581,0,0.4411795,0.024415882,0.2744740528,0.03730838450500725
582,1,0.97676814,0.9867073,0.980743804,0.9870101279707861
583,1,0.9786441,0.2118005,0.67190666,0.8874870687125459
584,1,0.9768794,0.9858673,0.98047456,0.9869910454765609
585,0,0.43486935,0.02769558,0.271999842,0.03568146032900861
586,1,0.98085165,0.52700335,0.79931233,0.9531601605980912
587,1,0.98250234,0.99632275,0.9880305039999999,0.9879866653948886
588,1,0.9520568,0.99654406,0.969851704,0.9843334322464163
590,1,0.5540452,0.5341286,0.54607856,0.32100357118104567
591,1,0.97947305,0.9978671,0.9868306699999999,0.9877190376426833
592,1,0.9817368,0.92918915,0.96071774,0.9853012170316533
593,0,0.44203132,0.006101092,0.2676592288,0.03567786947787988
596,1,0.97497386,0.009858082,0.5889275488,0.8081676117279554
597,1,0.978779,0.9701581,0.97533064,0.9866078409225042
598,0,0.4530475,0.0019885937,0.27262393747999997,0.038740544306942085
600,1,0.97681504,0.5758195,0.816416824,0.9577512754740868
601,0,0.44419062,0.0033331725,0.267847641,0.0360578961946407
604,0,0.43511245,0.012532504,0.2660804716,0.03424779029103273
607,1,0.9712314,0.8950275,0.9407498400000001,0.9822152636400897
608,1,0.9668013,0.950816,0.96040718,0.9842722850115283
609,1,0.97784686,0.95932835,0.970439456,0.9860668217305433
610,1,0.9781847,0.95347834,0.968302156,0.9858699357543429
611,0,0.45449987,0.0064502014,0.27528000255999996,0.039720913249672675
612,1,0.9729575,0.966954,0.9705561,0.9857769586026871
613,1,0.9799549,0.80221653,0.908859552,0.9784480368265035
614,0,0.4403325,0.008545348,0.2676176392,0.035408402558018505
615,1,0.9840561,0.9973724,0.98938262,0.9881851777557075
616,0,0.4325129,0.018618591,0.2669551764,0.034078816248539485
617,1,0.67204684,0.52358294,0.6126612800000001,0.5660479364510085
618,0,0.43257964,0.030539047,0.2717634028,0.035273475963489835
620,1,0.9803934,0.0364707,0.60282432,0.8270053240272845
621,1,0.9767572,0.3715733,0.7346836400000001,0.9254680692632697
623,0,0.4513976,0.006045883,0.2732569132,0.03864096062255587
624,1,0.9772652,0.99657506,0.9849891439999999,0.9874322407308355
625,1,0.97875196,0.995773,0.985560376,0.9875657699219803
627,0,0.45204374,0.0061026276,0.27366729504,0.038860523086257384
629,0,0.45315117,0.0009179242,0.27225787168,0.038657443964464445
630,1,0.9090563,0.014955914,0.5514161456,0.7045101651067798
631,0,0.4643332,0.034987368,0.2925948672,0.04679058769046347
633,1,0.98016894,0.84334654,0.92543998,0.9808949116882271
635,0,0.4484323,0.14980718,0.32898225200000003,0.0564126403235705
636,1,0.9781085,0.9121454,0.9517232600000001,0.9840596688813747
637,1,0.980475,0.97190654,0.9770476159999999,0.9868718967339686
639,1,0.96359944,0.082110435,0.6110038379999999,0.8249254983771523
640,0,0.4339911,0.04816854,0.279662076,0.03753261325598534
641,1,0.9739096,0.88496155,0.93833038,0.9821118878200327
642,0,0.44284445,0.030890586,0.2780629044,0.038542405051825435
643,1,0.9836495,0.9614946,0.9747875399999999,0.986839199431452
644,0,0.44390905,0.011868489,0.2710928256,0.036853041774737236
645,1,0.9784636,0.9901923,0.9831550800000001,0.987330419069939
646,0,0.43963733,0.6237557,0.513284678,0.1825222773163789
647,0,0.4291723,0.001220565,0.257991606,0.031515654271344985
648,0,0.4441423,0.02164386,0.275142924,0.03796392851471396
649,0,0.46163714,0.19069497,0.353260272,0.07046625242003025
650,0,0.43409798,0.20624143,0.34295536,0.05853145918823315
651,0,0.46035853,0.10021974,0.316303014,0.05430526066180387
652,1,0.98211426,0.9939553,0.986850676,0.9878624649999395
656,0,0.43908006,0.0004600732,0.26363206528,0.034235220510414166
657,0,0.45456704,0.007348748,0.27567972319999995,0.03984473046460055
658,0,0.45558828,0.08752219,0.308361844,0.05035589538330994
659,0,0.4384805,0.0012954127,0.26360646508,0.03414096018412267
660,0,0.44179723,0.00308361,0.26631178199999994,0.03530269290958293
661,1,0.97654736,0.8191726,0.913597456,0.9788600862739496
662,1,0.97798187,0.9894405,0.982565322,0.9872490559366017
663,1,0.9802127,0.8787344,0.93962138,0.9827594909343805
665,0,0.43550533,0.13264024,0.314359294,0.048239737715226834
667,0,0.44027293,0.4046028,0.426004878,0.10535970725327094
669,0,0.44596344,0.009491293,0.2713745812,0.0372530142130229
670,1,0.9340348,0.32157543,0.689051052,0.880076768633613
671,1,0.9642678,0.777998,0.88975988,0.9735356633637023
673,1,0.97954994,0.64579517,0.846048032,0.9661476538010303
674,0,0.45239967,0.3351387,0.40549528199999996,0.09655551330561457
675,1,0.4561114,0.11328748,0.31898183199999997,0.054348070168717615
676,0,0.45059773,0.037988745,0.28555413599999996,0.042004544574668255
677,1,0.9634389,0.98390263,0.971624392,0.9852855545862714
679,1,0.95853716,0.29302627,0.692332804,0.893431196216375
680,1,0.9836044,0.26975486,0.6980645839999999,0.9072026487788903
681,0,0.4344061,0.7431412,0.55790014,0.23251310437935144
682,0,0.43204838,0.0018873869,0.25998398275999995,0.03236457447003237
683,1,0.9291206,0.105225235,0.599562454,0.7879357157303908
685,1,0.9801514,0.92408574,0.9577251360000001,0.984874052705206
686,1,0.97942936,0.9102386,0.951753056,0.9841549673045369
687,0,0.47098127,0.25071537,0.38287491,0.089481245249837
688,0,0.4386047,0.035967354,0.2775497616,0.03771244562361099
690,0,0.44157162,0.009759648,0.2688468312,0.03590904334406192
691,1,0.97622764,0.3450515,0.723757184,0.9195524112285673
692,1,0.9748902,0.61587375,0.83128362,0.9616500414555839
693,1,0.9791059,0.62921315,0.8391488,0.9643788453791827
694,1,0.97040266,0.6570943,0.8450793159999999,0.9645486528223596
695,0,0.46437737,0.113248326,0.3239257524,0.05823267854543851
697,0,0.44164425,0.06270345,0.29006793,0.04174025601796298
698,1,0.9740999,0.9518462,0.96519842,0.9852870673219477
699,1,0.9696517,0.7372366,0.8766856599999999,0.9716076375393926
700,1,0.9751119,0.9309255,0.95743734,0.9845042554955543
704,0,0.44124314,0.041867573,0.2814929132,0.0392198662034506
705,0,0.4523892,0.0047179237,0.27332068948,0.038822619111175564
706,0,0.4581606,0.11137232,0.31944528799999994,0.0549953675892003
707,1,0.8011031,0.88051766,0.832868924,0.9213428738165133
710,1,0.98065615,0.9249937,0.9583911700000001,0.9849801646872482
711,1,0.6014125,0.7118372,0.64558238,0.5483444786215287
713,0,0.43794805,0.035967354,0.27715577159999993,0.03750178523394978
715,1,0.95051366,0.6441264,0.8279587560000001,0.9564374744399371
716,1,0.97976035,0.8849932,0.94185349,0.9830021235953887
717,1,0.9773835,0.087102324,0.6212710295999999,0.8438242199987921
719,0,0.4337305,0.0077363146,0.26333282583999995,0.03338615510983298
720,0,0.45220685,0.03723742,0.286219078,0.04249215589108996
721,0,0.44078916,0.0011070753,0.26491632612,0.03480359971169757
723,0,0.44185486,0.034453962,0.2788945008,0.03860623573364305
724,1,0.9827001,0.6387869,0.84513482,0.9663851488106531
725,1,0.9795083,0.9754549,0.97788694,0.9868962289073278
726,1,0.9830872,0.907252,0.95275312,0.9845192452088516
727,1,0.97739714,0.3457933,0.724755604,0.9204759852673808
729,0,0.44257426,0.045988128,0.2839398072,0.04013169430101211
730,0,0.43283755,0.039277054,0.27541335159999997,0.0362393621271402
731,0,0.43945134,0.008765239,0.26717689959999996,0.035164563070887986
732,0,0.4335021,0.21663886,0.346756804,0.05994325693552885
733,0,0.4545096,0.04318834,0.289981096,0.044062658300822836
734,1,0.97632545,0.61587375,0.83214477,0.9621164731882997
735,1,0.9797117,0.7277473,0.87892594,0.973248810082339
736,1,0.9761286,0.632465,0.8386631600000001,0.9637966737469426
737,1,0.7226519,0.2111012,0.51803162,0.448721664119222
739,0,0.42984256,0.0029480935,0.25908477339999997,0.031854002751775724
740,0,0.45851997,0.1217959,0.323830342,0.0567828676582178
742,0,0.4489387,0.0040485524,0.27098264096,0.03762584751589922
743,1,0.976659,0.22804575,0.6772137,0.8904714878860659
744,1,0.9770389,0.607248,0.82912254,0.9614150351539129
745,1,0.9803231,0.8611632,0.9326591399999999,0.9818780026987631
749,0,0.43448633,0.031645987,0.27335019279999995,0.03596598218106152
750,0,0.43030518,0.0029480935,0.25936234539999997,0.03198070688415008
751,0,0.44937485,0.036131557,0.2840775328,0.041353176148461526
752,1,0.9758911,0.6135177,0.83094174,0.9617213111241082
754,1,0.97663695,0.95738745,0.96893715,0.9858391400718711
755,1,0.9758546,0.84579873,0.923832252,0.9803048135755575
756,1,0.9824338,0.94635767,0.968003348,0.9861006423931595
757,0,0.4521977,0.0008018444,0.27163935776,0.038331979523108704
758,0,0.487113,0.2568961,0.39502624000000003,0.10351226164785642
759,0,0.4358296,0.015815763,0.26782406519999996,0.03478178152794952
761,1,0.9827649,0.7494946,0.88945678,0.9755211405945473
762,1,0.9815391,0.6441264,0.84657402,0.966561153713377
763,1,0.98021084,0.88673455,0.942820324,0.9831538523222135
765,1,0.9779643,0.61587375,0.8331280799999999,0.9626424075990846
766,0,0.44844118,0.0007990912,0.26938434448,0.03712294432845675
768,0,0.4556183,0.08180337,0.30609232799999997,0.04956921829727707
769,0,0.4469953,0.052382197,0.2891500588,0.04242713739220528
770,0,0.46208155,0.21989055,0.36520515,0.076587665534057
771,1,0.9827047,0.876167,0.94008962,0.9830039398600205
772,1,0.97693574,0.84579873,0.9244809360000001,0.9804889895834032
773,1,0.9757087,0.8959576,0.94380826,0.98294140457814
775,1,0.98380405,0.78940076,0.9060427340000001,0.9783715891815938
779,0,0.44358003,0.008765239,0.26965411359999997,0.036427554909992325
780,0,0.4580733,0.12277177,0.323952688,0.05672474771382172
781,1,0.97465104,0.85435957,0.9265344520000001,0.9805835934223308
782,1,0.9816465,0.7769326,0.89976094,0.9771579070357344
783,1,0.98013353,0.05006566,0.608106382,0.8323366587655835
784,1,0.80458736,0.6441264,0.7404029759999999,0.8576043988347435
785,1,0.97237444,0.91332036,0.948752808,0.9832993745169812
787,0,0.45494443,0.022496382,0.2819652108,0.041720154389738834
789,0,0.43154192,0.107429914,0.3018971176,0.04345937738195333
790,0,0.4409213,0.55216944,0.485420556,0.15462658823275544
791,1,0.9764825,0.9828765,0.9790401,0.9868318436547552
792,1,0.9783467,0.81582355,0.91333744,0.9789856897592961
793,1,0.97918653,0.94726646,0.966418502,0.985738228390171
795,1,0.97740984,0.8191726,0.914114944,0.9790177062877913
796,0,0.44585493,0.00088873,0.26786845,0.036321392017576476
797,0,0.4404875,0.08424371,0.297989984,0.043919733260069364
798,0,0.43369296,0.3687733,0.40772509600000006,0.09088549820603575
799,0,0.45089704,0.010841144,0.2748746816,0.039002286491272097
800,0,0.4499217,0.0052067884,0.27203573536,0.03806732304194708
801,1,0.9751245,0.8855211,0.9392831399999999,0.9823287214751595
803,1,0.9658106,0.6265014,0.8300869200000001,0.95979430964737
804,1,0.9478878,0.82381076,0.898256984,0.9732692556292759
805,0,0.45188743,0.0996206,0.31098069799999994,0.05049097480322289
807,0,0.43449372,0.21663886,0.347351776,0.06044047576390077
808,0,0.4500171,0.10230169,0.310930936,0.05007628493696154
809,1,0.9408402,0.7670666,0.87133076,0.966601853823575
810,1,0.9612226,0.6135177,0.82214064,0.9566367091464105
811,1,0.9768569,0.61587375,0.83246364,0.962287799028556
812,1,0.97829413,0.6135177,0.832383558,0.9624977843466969
813,1,0.94922006,0.8096649,0.893397996,0.972481731037953
814,0,0.4511458,0.009122969,0.2743366676,0.03889544145679092
816,0,0.4313607,0.0811533,0.29127774,0.04029193506713363
817,0,0.44257426,0.27338377,0.37489806400000003,0.0755060367757206
819,1,0.9733762,0.66882074,0.8515540159999999,0.966572789767047
821,1,0.95894593,0.61587375,0.821717058,0.9560840330708552
824,0,0.44068328,0.0011070753,0.26485279812,0.03477208656353469
825,0,0.44257945,0.022068819,0.27437519759999995,0.037506351529215644
826,0,0.45271432,0.40057492,0.43185856,0.11500339827881627
827,0,0.4599813,0.0996206,0.31583702,0.05404352987164826
828,1,0.97301924,0.85387206,0.925360368,0.9802785472843462
829,1,0.9800039,0.90670735,0.95068528,0.984072020273084
830,1,0.97474617,0.6135177,0.8302547819999999,0.9613459503401479
831,1,0.97869545,0.6135177,0.83262435,0.9626259762758199
832,1,0.9712459,0.63700396,0.8375491239999999,0.9627382726064949
833,0,0.43666855,0.015327052,0.26813195079999996,0.03498368712585852
835,0,0.4299286,0.21704514,0.34477521599999994,0.05824862360548301
836,0,0.44362035,0.031628385,0.27882356399999997,0.03887917728524257
837,0,0.4758269,0.33565784,0.419759276,0.11640637651120653
838,1,0.9782602,0.8550573,0.92897904,0.9812213130819535
839,1,0.9801032,0.93009615,0.9601003799999999,0.9851292011359569
840,1,0.9670479,0.62705797,0.8310519279999999,0.9602779654283979
842,1,0.54728967,0.6135177,0.573780882,0.3600210222587298
843,0,0.47953323,0.61587375,0.534069438,0.23704929145952097
844,0,0.46510956,0.06877376,0.30657523999999997,0.05177018215527497
845,0,0.4401525,0.021971552,0.27288012079999996,0.03672730825873406
846,1,0.9734095,0.97396,0.9736297,0.9861182796669085
847,1,0.9809167,0.90416855,0.9502174400000001,0.9840816601459027
848,1,0.9763164,0.7499619,0.8857746,0.9741531242796738
849,0,0.4505739,0.21989055,0.35830056,0.06967819444177656
850,0,0.4462479,0.6135177,0.51315582,0.18680544274954416
851,0,0.4451064,0.6441264,0.5247144,0.1992657640875197
852,0,0.43542898,0.018613642,0.26870284479999995,0.034939498584703216
853,1,0.9131205,0.61587375,0.7942218,0.9354974245672137
854,1,0.9830877,0.80276036,0.9109567639999999,0.9790587581218502
855,1,0.9818817,0.83592063,0.9234972720000001,0.9807692359470651
858,0,0.44591704,0.06877376,0.295059728,0.04402794212427067
859,0,0.4352736,0.014572406,0.2669931224,0.03449456142124284
860,1,0.9223707,0.35849607,0.696820848,0.8806379054988996
861,1,0.9811467,0.8808198,0.94101594,0.983002114094981
862,1,0.97538847,0.6135177,0.8306401619999999,0.9615569587849215
863,1,0.96445125,0.61587375,0.82502025,0.958087972300457
864,1,0.5817385,0.6441264,0.60669366,0.45517350233342824
866,0,0.4532901,0.6441264,0.52962462,0.21109298948090943
868,0,0.47106296,0.61587375,0.528987276,0.22373955247779473
869,1,0.97776204,0.8522136,0.927542664,0.9809842005769284
870,1,0.972937,0.61587375,0.8301117,0.9610064201441374
872,1,0.98040664,0.6441264,0.8458945440000001,0.9662351923150094
873,1,0.9526169,0.61587375,0.81791964,0.9536673312271045
875,0,0.45344752,0.6441264,0.529719072,0.21132545694442686
876,0,0.46204126,0.61587375,0.5235742560000001,0.2101579857583775
877,0,0.43433678,0.25879255,0.364119088,0.06779803367224818
878,0,0.4468276,0.6135177,0.51350364,0.18758727470885872
879,1,0.93232393,0.6135177,0.804801438,0.9446769777889327
881,1,0.9779407,0.6135177,0.8321715,0.9623845398697486
882,1,0.97987455,0.6441264,0.84557529,0.9660809814150664
883,1,0.9389955,0.61587375,0.8097468,0.948030423156445
884,0,0.44397962,0.6441264,0.524038332,0.19767691845893406
885,0,0.43890974,0.6135177,0.508752924,0.17712510966576736
886,0,0.47891322,0.61587375,0.533697432,0.23605678533336696
887,0,0.4551068,0.025779827,0.28337601079999997,0.04216650585548474
888,0,0.95240587,0.6556987,0.8337230019999999,0.958507581083117
889,1,0.7994253,0.8159904,0.80605134,0.9051542290419952
890,1,0.9764555,0.61587375,0.8322228,0.9621584669396951
892,1,0.9609441,0.6135177,0.82197354,0.9565341884154999
894,0,0.4356046,0.13264024,0.31441885599999997,0.048280153477461105
895,0,0.45978463,0.025803538,0.2861921932,0.043876263750947164
896,0,0.4399131,0.6441264,0.52159842,0.1920223146369828
897,0,0.44692034,0.63469464,0.5220300600000001,0.1974063869153775
900,1,0.9748873,0.6135177,0.83033946,0.9613924094639932
903,0,0.50226295,0.30273828,0.422453082,0.13129945492362768
904,0,0.436924,0.018613642,0.2695998568,0.03538909641454607
905,0,0.4680678,0.61587375,0.52719018,0.21916236341872342
906,0,0.45740485,0.61587375,0.52079241,0.2034174784887836
907,0,0.44147247,0.2111012,0.349323962,0.06307970172327436
909,1,0.94917154,0.61587375,0.815852424,0.9522990627198391
910,1,0.87219435,0.7250584,0.8133399699999999,0.932962567093805
911,1,0.9794321,0.6939639,0.86524482,0.9704622348763381
912,1,0.6721138,0.70329285,0.68458542,0.6890147548190941
913,0,0.4556184,0.6135177,0.51877812,0.19975232888425523
914,0,0.4463002,0.6441264,0.5254306799999999,0.20095955757430337
915,0,0.44617388,0.6490476,0.527323368,0.20311525734159877
916,0,0.44746807,0.021971552,0.2772694628,0.03909161505548805
917,0,0.46707958,0.6135177,0.525654828,0.21648793745731584
918,1,0.95214385,0.61587375,0.81763581,0.9534817025094245
919,1,0.93352664,0.02759189,0.5711527399999999,0.7545411695049284
920,1,0.49212903,0.6135177,0.5406844980000001,0.2565049014328758
921,1,0.96843094,0.6441264,0.838709124,0.9625952790486549
924,0,0.4416152,0.021971552,0.2737577408,0.03718876557347856
925,0,0.48456395,0.61587375,0.53708787,0.24520839601369782
927,0,0.46986485,0.025803538,0.2922403252,0.047781170928219915
928,1,0.9696051,0.8295839,0.9135966200000001,0.9782115798776378
929,1,0.7033954,0.6441264,0.6796878,0.7106561060493671
930,1,0.76150393,0.6135177,0.702309438,0.7897655699645543
931,1,0.9708829,0.6135177,0.82793682,0.9600531539822126
932,1,0.7370611,0.61587375,0.6885861600000001,0.7528350895090214
933,0,0.46485335,0.025239076,0.2890076404,0.04572760177945511
934,0,0.4406161,0.1779165,0.33553626000000003,0.057134977713620375
935,0,0.44382972,0.23411007,0.35994185999999995,0.06852619162665098
936,0,0.45874363,0.11328748,0.32056117,0.05555974580812463
938,1,0.8613722,0.6135177,0.7622304,0.9010317035709116
939,1,0.96149826,0.6135177,0.822306036,0.9567379570670703
940,1,0.54361844,0.6441264,0.583821624,0.3733941236822027
941,0,0.4492676,0.025239076,0.2796561904,0.04006361405496715
942,0,0.5671931,0.6441264,0.59796642,0.4234275669641342
943,0,0.44060636,0.021971552,0.27315243679999995,0.03686990100730821
944,0,0.46169946,0.61587375,0.523369176,0.20965552256423495
945,1,0.9563854,0.6441264,0.8314817999999999,0.9585552102911844
946,1,0.824554,0.61587375,0.7410819,0.868678395967953
948,1,0.88253534,0.6135177,0.774928284,0.916547021440542
949,1,0.6738638,0.6135177,0.64972536,0.6333637384732663
950,0,0.4849581,0.6135177,0.5363819400000001,0.2445715422470465
951,0,0.4394618,0.6135177,0.50908416,0.17783946397733666
952,0,0.49427295,0.61587375,0.54291327,0.26148333894963355
953,0,0.45773757,0.17442434,0.344412278,0.06525166359313754
954,1,0.978454,0.741371,0.8836208000000001,0.9739927711986534
956,1,0.95123976,0.61587375,0.817093356,0.9531249604943122
957,1,0.9686013,0.6135177,0.8265678599999999,0.9592702841036789
960,0,0.45726937,0.61587375,0.520711122,0.2032229572061809
961,1,0.5263802,0.6135177,0.5612352,0.31851307709013427
962,1,0.8830056,0.6135177,0.77521044,0.9168653005871965
964,1,0.50914496,0.61587375,0.551836476,0.2877271848210856
965,0,0.4384633,0.30525613,0.385180432,0.07961269444455671
966,0,0.4552563,0.6441264,0.53080434,0.21400998751714542
968,0,0.4709035,0.6135177,0.52794918,0.22229247216620052
969,1,0.67799276,0.6135177,0.652202736,0.6418203041944359
970,1,0.95498204,0.61587375,0.819338724,0.954584906928429
971,1,0.5567439,0.61587375,0.58039584,0.3811822182687842
972,0,0.52851135,0.45564884,0.499366346,0.23030526555379524
973,0,0.44359672,0.6135177,0.511565112,0.18326183013109595
974,0,0.46171805,0.61587375,0.52338033,0.20968282808716004
975,1,0.61792624,0.6135177,0.616162824,0.5127089016360565
976,1,0.9681123,0.61587375,0.82721688,0.9593718724283884
977,1,0.97506624,0.6441264,0.842690304,0.964656280308867
978,1,0.977403,0.75655234,0.8890627360000001,0.9748742861182526
979,1,0.83640426,0.6135177,0.7472496359999999,0.8794705711643962
980,0,0.48154292,0.61587375,0.5352752519999999,0.2402861174846637
981,0,0.43945077,0.6441264,0.521321022,0.19138730202305934
982,0,0.438547,0.6441264,0.52077876,0.19015060160972344
983,1,0.51193523,0.7706851,0.615435178,0.3951169245826235
984,1,0.51351213,0.6441264,0.565757838,0.31334131794573994
986,1,0.6989304,0.61587375,0.66570774,0.684774553068975
987,0,0.47340754,0.61587375,0.530394024,0.22736972918767176
989,0,0.4636714,0.30525613,0.40030529200000003,0.09760025310500012
990,0,0.46334672,0.6135177,0.523415112,0.2109281986047707
993,1,0.9742164,0.6441264,0.8421803999999999,0.9643985471147266
995,1,0.92898047,0.61587375,0.8037377819999999,0.9434786514215917
996,0,0.4530653,0.6135177,0.5172462600000001,0.19615936927870506
997,0,0.44114944,0.6441264,0.522340224,0.19372832037484267
998,1,0.87090087,0.6135177,0.767947602,0.9083125141827985
999,1,0.7554061,0.6441264,0.7108942199999999,0.7956935867128148
1000,1,0.96490896,0.61587375,0.825294876,0.9582505852295798
1001,1,0.9638813,0.6441264,0.83597934,0.9611158528811454
1002,1,0.9446571,0.6135177,0.81220134,0.9501203041078191
1003,1,0.63166076,0.6441264,0.6366470160000001,0.5653048112618059
1004,1,0.46064064,0.6441264,0.5340349440000001,0.22214758548889438
1005,1,0.6295669,0.6135177,0.62314722,0.538431263268192
1006,1,0.95219636,0.61587375,0.817667316,0.9535023427202517
1008,1,0.9651518,0.61587375,0.82544058,0.9583366150404614
1009,0,0.4337537,0.6441264,0.51790278,0.18369376749909416
1011,0,0.47665557,0.61587375,0.532342842,0.23246707439664277
1013,0,0.44785652,0.6135177,0.514120992,0.18898115501895774
1015,0,0.50232726,0.61587375,0.547745856,0.2755028123458776
1016,1,0.9290962,0.6441264,0.81510828,0.9478056250644448
1017,0,0.4489541,0.6135177,0.51477954,0.1904767910051053
1018,0,0.65224826,0.6441264,0.648999516,0.6094989820770136
1019,0,0.4480203,0.021971552,0.27760080079999994,0.03927590144097282
1021,0,0.45508796,0.6135177,0.518459856,0.19900180126971734
1022,0,0.4304919,0.01603828,0.264710452,0.03324893204592654
1024,0,0.4532157,0.6135177,0.5173365,0.19636966495095545
1025,0,0.48654264,0.4632394,0.47722134400000005,0.17418601886880464
1026,0,0.49664766,0.1730715,0.367217196,0.0893894964972772
1028,0,0.44721958,0.6441264,0.525982308,0.20227132647621243
1029,0,0.43961772,0.021971552,0.2725592528,0.036559972940327576
